feature,importance
isoelectric_point,0.20426939272270914
net_charge,0.14227680630852915
M,0.09288718740533447
K,0.06554927500251294
H,0.0398474889925192
hydrophobicity,0.03936688396138821
D,0.037712993391913106
L,0.03701922429934386
E,0.030994811268635947
aromaticity,0.027209927327758756
G,0.026793165242833695
Y,0.026338356159447723
C,0.024145109699601215
Q,0.02405199309588959
R,0.02301920666823054
molecular_weight,0.020171929159287876
N,0.019670265239125653
length,0.01912273942151914
W,0.016800076573809337
T,0.014370805227565606
P,0.014193272069201754
A,0.012922836111098441
S,0.01072448243881208
I,0.010552669073318924
F,0.010500307828838854
V,0.009488795310774937
