length,net_charge,hydrophobicity,molecular_weight,aromaticity,isoelectric_point,A,C,D,E,F,G,H,I,K,L,M,N,P,Q,R,S,T,V,W,Y,true_label,predicted_label
7,0,0.3714285714285713,984.1122,0.4285714285714285,7.022423362731933,0.0,0.0,0.0,0.0,42.85714285714285,0.0,42.85714285714285,0.0,0.0,14.285714285714286,0.0,0.0,0.0,0.0,0.0,0.0,0.0,0.0,0.0,0.0,1,0
7,1,0.5428571428571428,838.0077,0.1428571428571428,8.728197288513183,0.0,0.0,0.0,0.0,0.0,14.285714285714286,14.285714285714286,0.0,14.285714285714286,14.285714285714286,0.0,0.0,0.0,0.0,0.0,0.0,0.0,28.571428571428573,14.285714285714286,0.0,0,1
15,-2,-0.0533333333333333,1749.0184,0.0,4.316716957092285,13.333333333333334,0.0,13.333333333333334,13.333333333333334,0.0,0.0,0.0,0.0,0.0,20.0,13.333333333333334,0.0,0.0,0.0,13.333333333333334,6.666666666666667,0.0,6.666666666666667,0.0,0.0,1,0
15,2,-1.5266666666666666,1790.0953,0.0,9.528572273254394,6.666666666666667,0.0,6.666666666666667,6.666666666666667,0.0,0.0,13.333333333333334,6.666666666666667,26.666666666666668,6.666666666666667,6.666666666666667,0.0,6.666666666666667,6.666666666666667,0.0,6.666666666666667,0.0,0.0,0.0,0.0,1,0
15,-1,-0.38,1707.837,0.1333333333333333,4.0500284194946286,0.0,0.0,6.666666666666667,0.0,0.0,13.333333333333334,0.0,6.666666666666667,0.0,13.333333333333334,0.0,13.333333333333334,0.0,13.333333333333334,0.0,6.666666666666667,6.666666666666667,6.666666666666667,6.666666666666667,6.666666666666667,1,0
50,1,-1.1740000000000002,5863.444299999999,0.12,7.7348432540893555,6.0,16.0,4.0,6.0,4.0,6.0,8.0,0.0,8.0,2.0,0.0,10.0,2.0,6.0,4.0,6.0,4.0,0.0,6.0,2.0,1,0
22,1,-0.7454545454545454,2272.5164,0.0454545454545454,8.540465354919434,4.545454545454546,0.0,4.545454545454546,9.090909090909092,4.545454545454546,22.727272727272727,0.0,4.545454545454546,13.636363636363637,0.0,0.0,4.545454545454546,4.545454545454546,4.545454545454546,4.545454545454546,4.545454545454546,0.0,13.636363636363637,0.0,0.0,0,1
10,2,0.26,1393.6749,0.4,9.993969535827638,0.0,0.0,0.0,0.0,10.0,0.0,0.0,10.0,10.0,0.0,0.0,0.0,10.0,0.0,10.0,0.0,0.0,20.0,20.0,10.0,0,1
7,2,-0.3428571428571428,859.0269999999999,0.1428571428571428,11.000836753845212,0.0,0.0,0.0,0.0,0.0,14.285714285714286,0.0,0.0,14.285714285714286,14.285714285714286,0.0,0.0,0.0,0.0,14.285714285714286,0.0,14.285714285714286,14.285714285714286,14.285714285714286,0.0,0,1
17,4,-1.023529411764706,1994.2259,0.1176470588235294,11.999967765808105,23.529411764705884,0.0,0.0,0.0,5.882352941176471,5.882352941176471,11.764705882352942,5.882352941176471,0.0,0.0,0.0,5.882352941176471,5.882352941176471,0.0,23.529411764705884,0.0,5.882352941176471,0.0,0.0,5.882352941176471,0,1
5,0,0.74,581.6598,0.4,5.524318122863768,0.0,0.0,0.0,0.0,20.0,20.0,0.0,0.0,0.0,0.0,0.0,0.0,20.0,0.0,0.0,0.0,0.0,20.0,0.0,20.0,1,0
12,1,1.125,1410.7452999999998,0.1666666666666666,8.04515476226807,8.333333333333334,16.666666666666668,0.0,0.0,0.0,0.0,0.0,16.666666666666668,0.0,8.333333333333334,0.0,0.0,16.666666666666668,0.0,8.333333333333334,0.0,0.0,8.333333333333334,0.0,16.666666666666668,1,0
31,4,0.0064516129032258,3297.9376,0.0,10.312378883361813,9.67741935483871,3.225806451612903,3.225806451612903,0.0,0.0,6.451612903225806,3.225806451612903,12.903225806451612,9.67741935483871,3.225806451612903,3.225806451612903,0.0,12.903225806451612,6.451612903225806,6.451612903225806,9.67741935483871,0.0,9.67741935483871,0.0,0.0,0,1
24,1,0.8083333333333332,2584.1081,0.0833333333333333,8.016466331481933,20.83333333333333,8.333333333333334,0.0,4.166666666666667,4.166666666666667,0.0,4.166666666666667,4.166666666666667,8.333333333333334,0.0,8.333333333333334,0.0,4.166666666666667,4.166666666666667,0.0,8.333333333333334,0.0,16.666666666666668,0.0,4.166666666666667,1,0
12,2,-1.1583333333333334,1610.8577,0.25,9.99435634613037,0.0,0.0,0.0,0.0,0.0,0.0,8.333333333333334,8.333333333333334,8.333333333333334,8.333333333333334,0.0,0.0,16.666666666666668,8.333333333333334,8.333333333333334,8.333333333333334,0.0,0.0,16.666666666666668,8.333333333333334,1,0
50,1,-0.69,5525.1465,0.1,7.798692131042482,8.0,16.0,2.0,6.0,4.0,12.0,8.0,0.0,8.0,2.0,2.0,10.0,0.0,2.0,2.0,6.0,4.0,2.0,4.0,2.0,1,0
8,-1,1.3375,860.0299,0.0,4.0500284194946286,0.0,12.5,12.5,0.0,0.0,12.5,0.0,0.0,0.0,37.5,0.0,0.0,0.0,12.5,0.0,0.0,0.0,12.5,0.0,0.0,0,1
39,0,-0.2897435897435897,4255.7877,0.0512820512820512,6.473131370544433,17.94871794871795,0.0,5.128205128205129,10.256410256410255,5.128205128205129,7.6923076923076925,0.0,15.384615384615383,7.6923076923076925,2.5641025641025643,0.0,2.5641025641025643,2.5641025641025643,7.6923076923076925,7.6923076923076925,2.5641025641025643,2.5641025641025643,2.5641025641025643,0.0,0.0,1,0
7,3,-2.657142857142857,875.9733,0.0,11.999967765808105,0.0,0.0,0.0,0.0,0.0,0.0,0.0,0.0,14.285714285714286,0.0,0.0,0.0,0.0,14.285714285714286,28.571428571428573,14.285714285714286,28.571428571428573,0.0,0.0,0.0,0,1
9,3,-2.988888888888889,1158.2739,0.0,11.166327095031736,0.0,0.0,0.0,0.0,0.0,0.0,33.333333333333336,0.0,22.22222222222222,0.0,0.0,0.0,0.0,11.11111111111111,11.11111111111111,11.11111111111111,11.11111111111111,0.0,0.0,0.0,0,1
20,2,0.075,2346.8099,0.1,9.52773418426514,0.0,0.0,5.0,0.0,0.0,5.0,5.0,5.0,15.0,15.0,0.0,5.0,10.0,5.0,0.0,0.0,0.0,20.0,5.0,5.0,0,1
12,3,-0.7999999999999999,1247.4896,0.0,11.16626262664795,33.333333333333336,0.0,0.0,0.0,0.0,0.0,0.0,0.0,16.666666666666668,8.333333333333334,0.0,0.0,25.0,8.333333333333334,8.333333333333334,0.0,0.0,0.0,0.0,0.0,0,1
16,2,0.0437499999999999,2039.4202,0.25,9.526315879821777,6.25,0.0,0.0,6.25,6.25,0.0,0.0,6.25,12.5,12.5,0.0,6.25,6.25,0.0,6.25,0.0,0.0,12.5,6.25,12.5,0,1
9,2,0.0333333333333333,1055.2964,0.1111111111111111,9.314472770690916,11.11111111111111,11.11111111111111,0.0,0.0,0.0,11.11111111111111,11.11111111111111,11.11111111111111,22.22222222222222,11.11111111111111,0.0,0.0,0.0,0.0,0.0,0.0,0.0,0.0,11.11111111111111,0.0,0,1
42,6,-0.7952380952380952,4767.5035,0.0952380952380952,9.93369159698486,4.761904761904762,7.142857142857143,0.0,0.0,4.761904761904762,4.761904761904762,11.904761904761903,4.761904761904762,11.904761904761903,0.0,2.380952380952381,2.380952380952381,14.285714285714286,2.380952380952381,2.380952380952381,9.523809523809524,9.523809523809524,2.380952380952381,4.761904761904762,0.0,0,1
8,1,0.1999999999999999,942.1123,0.125,8.440732765197758,0.0,0.0,0.0,0.0,12.5,0.0,12.5,25.0,12.5,0.0,0.0,0.0,12.5,0.0,0.0,12.5,12.5,0.0,0.0,0.0,1,0
20,1,1.11,2139.5792,0.1,8.045283699035647,15.0,10.0,0.0,0.0,5.0,5.0,0.0,10.0,5.0,15.0,0.0,5.0,5.0,5.0,0.0,0.0,10.0,5.0,0.0,5.0,1,0
4,1,-0.8500000000000001,594.662,0.5,9.750021171569824,0.0,0.0,0.0,0.0,25.0,0.0,0.0,0.0,0.0,0.0,0.0,0.0,0.0,0.0,25.0,25.0,0.0,0.0,25.0,0.0,0,1
23,5,-0.4173913043478262,2696.2117,0.0869565217391304,9.87599239349365,8.695652173913043,17.391304347826086,4.3478260869565215,0.0,4.3478260869565215,4.3478260869565215,0.0,0.0,0.0,8.695652173913043,0.0,0.0,13.043478260869565,0.0,26.08695652173913,4.3478260869565215,0.0,4.3478260869565215,0.0,4.3478260869565215,0,1
11,2,-1.2181818181818185,1346.5393,0.0909090909090909,11.999967765808105,0.0,0.0,0.0,0.0,0.0,9.090909090909092,9.090909090909092,0.0,0.0,18.181818181818183,0.0,0.0,18.181818181818183,9.090909090909092,18.181818181818183,9.090909090909092,0.0,0.0,9.090909090909092,0.0,0,1
90,-8,-0.6155555555555555,10208.2292,0.0444444444444444,5.159809684753417,13.333333333333334,6.666666666666667,6.666666666666667,10.0,2.2222222222222223,1.1111111111111112,7.777777777777778,4.444444444444445,3.333333333333333,7.777777777777778,2.2222222222222223,7.777777777777778,2.2222222222222223,5.555555555555555,4.444444444444445,2.2222222222222223,6.666666666666667,3.333333333333333,0.0,2.2222222222222223,1,0
7,0,-1.0,711.7436999999999,0.1428571428571428,5.517440605163573,0.0,14.285714285714286,0.0,0.0,0.0,42.85714285714285,0.0,0.0,0.0,0.0,0.0,0.0,0.0,28.571428571428573,0.0,0.0,0.0,0.0,0.0,14.285714285714286,1,0
29,6,-0.2620689655172414,3415.1301000000003,0.1034482758620689,11.07529773712158,6.896551724137931,3.4482758620689653,3.4482758620689653,0.0,6.896551724137931,3.4482758620689653,0.0,13.79310344827586,13.79310344827586,3.4482758620689653,3.4482758620689653,3.4482758620689653,10.344827586206897,3.4482758620689653,10.344827586206897,3.4482758620689653,3.4482758620689653,3.4482758620689653,3.4482758620689653,0.0,0,1
